,termos,datas,posição
2175,recarga virtual,2022-06-08,
2140,conta grátis,2022-06-08,162
2139,conta digital,2022-06-08,
2138,conta digital,2022-06-08,32
2137,cashback,2022-06-08,
2136,cashback,2022-06-08,26
2135,casas bahia,2022-06-08,
2134,casas bahia,2022-06-08,5
2133,cartão virtual,2022-06-08,
2132,cartão virtual,2022-06-08,23
2131,cartão sem anuidade,2022-06-08,
2130,cartão sem anuidade,2022-06-08,13
2129,cartão casas,2022-06-08,
2128,cartão casas,2022-06-08,34
2127,carne bahia,2022-06-08,
2126,carne bahia,2022-06-08,1
2125,carne,2022-06-08,
2124,carne,2022-06-08,2
2123,boleto recarga,2022-06-08,
2122,boleto recarga,2022-06-08,5
2121,boleto carne,2022-06-08,
2120,boleto carne,2022-06-08,2
2119,boleto,2022-06-08,
2118,boleto,2022-06-08,14
2117,banqi,2022-06-08,
2116,banqi,2022-06-08,1
2115,bank,2022-06-08,
2114,bank,2022-06-08,1
2113,banco digital,2022-06-08,
2112,banco digital,2022-06-08,30
2141,conta grátis,2022-06-08,
2142,conta sem anuidade,2022-06-08,13
2174,recarga virtual,2022-06-08,2
2144,pagamento,2022-06-08,37
2173,recarga cartão,2022-06-08,
2172,recarga cartão,2022-06-08,14
2171,recarga boleto,2022-06-08,
2170,recarga boleto,2022-06-08,5
2169,recarga bilhete,2022-06-08,
2168,recarga bilhete,2022-06-08,37
2167,recarga,2022-06-08,
2166,recarga,2022-06-08,29
2165,pre pago,2022-06-08,
2164,pre pago,2022-06-08,14
2163,pagar recarga,2022-06-08,
2162,pagar recarga,2022-06-08,5
2161,pagar digital,2022-06-08,
2160,pagar digital,2022-06-08,15
2143,conta sem anuidade,2022-06-08,
2158,pagar contas,2022-06-08,43
2145,pagamento,2022-06-08,
2146,pagamento boleto,2022-06-08,29
2147,pagamento boleto,2022-06-08,
2148,pagamento carne,2022-06-08,1
2159,pagar contas,2022-06-08,
2150,pagar,2022-06-08,35
2149,pagamento carne,2022-06-08,
2152,pagar boleto,2022-06-08,11
2153,pagar boleto,2022-06-08,
2154,pagar carne,2022-06-08,1
2155,pagar carne,2022-06-08,
2156,pagar cartão,2022-06-08,17
2157,pagar cartão,2022-06-08,
2151,pagar,2022-06-08,
2065,cartão casas,2022-06-09,
2066,cartão sem anuidade,2022-06-09,13
2067,cartão sem anuidade,2022-06-09,
2068,cartão virtual,2022-06-09,26
2069,cartão virtual,2022-06-09,
2076,conta grátis,2022-06-09,165
2071,casas bahia,2022-06-09,
2072,cashback,2022-06-09,29
2073,cashback,2022-06-09,
2074,conta digital,2022-06-09,29
2075,conta digital,2022-06-09,
2064,cartão casas,2022-06-09,33
2070,casas bahia,2022-06-09,5
2063,carne bahia,2022-06-09,
2055,boleto,2022-06-09,
2061,carne,2022-06-09,
2060,carne,2022-06-09,1
2059,boleto recarga,2022-06-09,
2058,boleto recarga,2022-06-09,5
2057,boleto carne,2022-06-09,
2056,boleto carne,2022-06-09,2
2054,boleto,2022-06-09,17
2053,banqi,2022-06-09,
2052,banqi,2022-06-09,1
2051,bank,2022-06-09,
2050,bank,2022-06-09,1
2049,banco digital,2022-06-09,
2048,banco digital,2022-06-09,30
2077,conta grátis,2022-06-09,
2062,carne bahia,2022-06-09,1
2078,conta sem anuidade,2022-06-09,12
2079,conta sem anuidade,2022-06-09,
2080,pagamento,2022-06-09,37
2110,recarga virtual,2022-06-09,2
2109,recarga cartão,2022-06-09,
2108,recarga cartão,2022-06-09,14
2107,recarga boleto,2022-06-09,
2106,recarga boleto,2022-06-09,5
2105,recarga bilhete,2022-06-09,
2104,recarga bilhete,2022-06-09,38
2103,recarga,2022-06-09,
2102,recarga,2022-06-09,26
2101,pre pago,2022-06-09,
2100,pre pago,2022-06-09,14
2099,pagar recarga,2022-06-09,
2098,pagar recarga,2022-06-09,5
2097,pagar digital,2022-06-09,
2096,pagar digital,2022-06-09,15
2111,recarga virtual,2022-06-09,
2094,pagar contas,2022-06-09,44
2081,pagamento,2022-06-09,
2082,pagamento boleto,2022-06-09,29
2083,pagamento boleto,2022-06-09,
2084,pagamento carne,2022-06-09,1
2095,pagar contas,2022-06-09,
2086,pagar,2022-06-09,35
2085,pagamento carne,2022-06-09,
2088,pagar boleto,2022-06-09,10
2089,pagar boleto,2022-06-09,
2090,pagar carne,2022-06-09,1
2091,pagar carne,2022-06-09,
2092,pagar cartão,2022-06-09,16
2093,pagar cartão,2022-06-09,
2087,pagar,2022-06-09,
2001,cartão casas,2022-06-10,
2002,cartão sem anuidade,2022-06-10,13
2003,cartão sem anuidade,2022-06-10,
2004,cartão virtual,2022-06-10,26
2005,cartão virtual,2022-06-10,
2012,conta grátis,2022-06-10,166
2007,casas bahia,2022-06-10,
2008,cashback,2022-06-10,33
2009,cashback,2022-06-10,
2010,conta digital,2022-06-10,30
2011,conta digital,2022-06-10,
2000,cartão casas,2022-06-10,33
2006,casas bahia,2022-06-10,5
1999,carne bahia,2022-06-10,
1991,boleto,2022-06-10,
1997,carne,2022-06-10,
1996,carne,2022-06-10,2
1995,boleto recarga,2022-06-10,
1994,boleto recarga,2022-06-10,5
1993,boleto carne,2022-06-10,
1992,boleto carne,2022-06-10,2
1990,boleto,2022-06-10,17
1989,banqi,2022-06-10,
1988,banqi,2022-06-10,1
1987,bank,2022-06-10,
1986,bank,2022-06-10,1
1985,banco digital,2022-06-10,
1984,banco digital,2022-06-10,32
2013,conta grátis,2022-06-10,
1998,carne bahia,2022-06-10,1
2014,conta sem anuidade,2022-06-10,13
2015,conta sem anuidade,2022-06-10,
2016,pagamento,2022-06-10,38
2046,recarga virtual,2022-06-10,2
2045,recarga cartão,2022-06-10,
2044,recarga cartão,2022-06-10,14
2043,recarga boleto,2022-06-10,
2042,recarga boleto,2022-06-10,5
2041,recarga bilhete,2022-06-10,
2040,recarga bilhete,2022-06-10,39
2039,recarga,2022-06-10,
2038,recarga,2022-06-10,26
2037,pre pago,2022-06-10,
2036,pre pago,2022-06-10,14
2035,pagar recarga,2022-06-10,
2034,pagar recarga,2022-06-10,5
2033,pagar digital,2022-06-10,
2032,pagar digital,2022-06-10,15
2047,recarga virtual,2022-06-10,
2030,pagar contas,2022-06-10,44
2017,pagamento,2022-06-10,
2018,pagamento boleto,2022-06-10,29
2019,pagamento boleto,2022-06-10,
2020,pagamento carne,2022-06-10,1
2031,pagar contas,2022-06-10,
2022,pagar,2022-06-10,35
2021,pagamento carne,2022-06-10,
2024,pagar boleto,2022-06-10,13
2025,pagar boleto,2022-06-10,
2026,pagar carne,2022-06-10,1
2027,pagar carne,2022-06-10,
2028,pagar cartão,2022-06-10,16
2029,pagar cartão,2022-06-10,
2023,pagar,2022-06-10,
1937,cartão casas,2022-06-11,
1938,cartão sem anuidade,2022-06-11,13
1939,cartão sem anuidade,2022-06-11,
1940,cartão virtual,2022-06-11,26
1941,cartão virtual,2022-06-11,
1948,conta grátis,2022-06-11,173
1943,casas bahia,2022-06-11,
1944,cashback,2022-06-11,31
1945,cashback,2022-06-11,
1946,conta digital,2022-06-11,33
1947,conta digital,2022-06-11,
1936,cartão casas,2022-06-11,35
1942,casas bahia,2022-06-11,5
1935,carne bahia,2022-06-11,
1927,boleto,2022-06-11,
1933,carne,2022-06-11,
1932,carne,2022-06-11,1
1931,boleto recarga,2022-06-11,
1930,boleto recarga,2022-06-11,5
1929,boleto carne,2022-06-11,
1928,boleto carne,2022-06-11,2
1926,boleto,2022-06-11,16
1925,banqi,2022-06-11,
1924,banqi,2022-06-11,1
1923,bank,2022-06-11,
1922,bank,2022-06-11,1
1921,banco digital,2022-06-11,
1920,banco digital,2022-06-11,31
1949,conta grátis,2022-06-11,
1934,carne bahia,2022-06-11,1
1950,conta sem anuidade,2022-06-11,14
1951,conta sem anuidade,2022-06-11,
1952,pagamento,2022-06-11,39
1982,recarga virtual,2022-06-11,2
1981,recarga cartão,2022-06-11,
1980,recarga cartão,2022-06-11,16
1979,recarga boleto,2022-06-11,
1978,recarga boleto,2022-06-11,5
1977,recarga bilhete,2022-06-11,
1976,recarga bilhete,2022-06-11,40
1975,recarga,2022-06-11,
1974,recarga,2022-06-11,27
1973,pre pago,2022-06-11,
1972,pre pago,2022-06-11,13
1971,pagar recarga,2022-06-11,
1970,pagar recarga,2022-06-11,5
1969,pagar digital,2022-06-11,
1968,pagar digital,2022-06-11,16
1983,recarga virtual,2022-06-11,
1966,pagar contas,2022-06-11,43
1953,pagamento,2022-06-11,
1954,pagamento boleto,2022-06-11,29
1955,pagamento boleto,2022-06-11,
1956,pagamento carne,2022-06-11,1
1967,pagar contas,2022-06-11,
1958,pagar,2022-06-11,35
1957,pagamento carne,2022-06-11,
1960,pagar boleto,2022-06-11,13
1961,pagar boleto,2022-06-11,
1962,pagar carne,2022-06-11,1
1963,pagar carne,2022-06-11,
1964,pagar cartão,2022-06-11,18
1965,pagar cartão,2022-06-11,
1959,pagar,2022-06-11,
1873,cartão casas,2022-06-12,
1874,cartão sem anuidade,2022-06-12,13
1875,cartão sem anuidade,2022-06-12,
1876,cartão virtual,2022-06-12,26
1877,cartão virtual,2022-06-12,
1884,conta grátis,2022-06-12,170
1879,casas bahia,2022-06-12,
1880,cashback,2022-06-12,31
1881,cashback,2022-06-12,
1882,conta digital,2022-06-12,32
1883,conta digital,2022-06-12,
1872,cartão casas,2022-06-12,34
1878,casas bahia,2022-06-12,5
1871,carne bahia,2022-06-12,
1863,boleto,2022-06-12,
1869,carne,2022-06-12,
1868,carne,2022-06-12,2
1867,boleto recarga,2022-06-12,
1866,boleto recarga,2022-06-12,5
1865,boleto carne,2022-06-12,
1864,boleto carne,2022-06-12,2
1862,boleto,2022-06-12,14
1861,banqi,2022-06-12,
1860,banqi,2022-06-12,1
1859,bank,2022-06-12,
1858,bank,2022-06-12,1
1857,banco digital,2022-06-12,
1856,banco digital,2022-06-12,33
1885,conta grátis,2022-06-12,
1870,carne bahia,2022-06-12,1
1886,conta sem anuidade,2022-06-12,13
1887,conta sem anuidade,2022-06-12,
1888,pagamento,2022-06-12,40
1918,recarga virtual,2022-06-12,2
1917,recarga cartão,2022-06-12,
1916,recarga cartão,2022-06-12,15
1915,recarga boleto,2022-06-12,
1914,recarga boleto,2022-06-12,6
1913,recarga bilhete,2022-06-12,
1912,recarga bilhete,2022-06-12,38
1911,recarga,2022-06-12,
1910,recarga,2022-06-12,27
1909,pre pago,2022-06-12,
1908,pre pago,2022-06-12,12
1907,pagar recarga,2022-06-12,
1906,pagar recarga,2022-06-12,5
1905,pagar digital,2022-06-12,
1904,pagar digital,2022-06-12,15
1919,recarga virtual,2022-06-12,
1902,pagar contas,2022-06-12,43
1889,pagamento,2022-06-12,
1890,pagamento boleto,2022-06-12,29
1891,pagamento boleto,2022-06-12,
1892,pagamento carne,2022-06-12,1
1903,pagar contas,2022-06-12,
1894,pagar,2022-06-12,35
1893,pagamento carne,2022-06-12,
1896,pagar boleto,2022-06-12,12
1897,pagar boleto,2022-06-12,
1898,pagar carne,2022-06-12,1
1899,pagar carne,2022-06-12,
1900,pagar cartão,2022-06-12,16
1901,pagar cartão,2022-06-12,
1895,pagar,2022-06-12,
1809,cartão casas,2022-06-13,
1810,cartão sem anuidade,2022-06-13,13
1811,cartão sem anuidade,2022-06-13,
1812,cartão virtual,2022-06-13,26
1813,cartão virtual,2022-06-13,
1820,conta grátis,2022-06-13,176
1815,casas bahia,2022-06-13,
1816,cashback,2022-06-13,30
1817,cashback,2022-06-13,
1818,conta digital,2022-06-13,35
1819,conta digital,2022-06-13,
1808,cartão casas,2022-06-13,33
1814,casas bahia,2022-06-13,5
1807,carne bahia,2022-06-13,
1799,boleto,2022-06-13,
1805,carne,2022-06-13,
1804,carne,2022-06-13,3
1803,boleto recarga,2022-06-13,
1802,boleto recarga,2022-06-13,5
1801,boleto carne,2022-06-13,
1800,boleto carne,2022-06-13,2
1798,boleto,2022-06-13,14
1797,banqi,2022-06-13,
1796,banqi,2022-06-13,1
1795,bank,2022-06-13,
1794,bank,2022-06-13,1
1793,banco digital,2022-06-13,
1792,banco digital,2022-06-13,31
1821,conta grátis,2022-06-13,
1806,carne bahia,2022-06-13,1
1822,conta sem anuidade,2022-06-13,13
1823,conta sem anuidade,2022-06-13,
1824,pagamento,2022-06-13,40
1854,recarga virtual,2022-06-13,2
1853,recarga cartão,2022-06-13,
1852,recarga cartão,2022-06-13,15
1851,recarga boleto,2022-06-13,
1850,recarga boleto,2022-06-13,5
1849,recarga bilhete,2022-06-13,
1848,recarga bilhete,2022-06-13,39
1847,recarga,2022-06-13,
1846,recarga,2022-06-13,27
1845,pre pago,2022-06-13,
1844,pre pago,2022-06-13,12
1843,pagar recarga,2022-06-13,
1842,pagar recarga,2022-06-13,5
1841,pagar digital,2022-06-13,
1840,pagar digital,2022-06-13,15
1855,recarga virtual,2022-06-13,
1838,pagar contas,2022-06-13,43
1825,pagamento,2022-06-13,
1826,pagamento boleto,2022-06-13,29
1827,pagamento boleto,2022-06-13,
1828,pagamento carne,2022-06-13,1
1839,pagar contas,2022-06-13,
1830,pagar,2022-06-13,35
1829,pagamento carne,2022-06-13,
1832,pagar boleto,2022-06-13,11
1833,pagar boleto,2022-06-13,
1834,pagar carne,2022-06-13,1
1835,pagar carne,2022-06-13,
1836,pagar cartão,2022-06-13,17
1837,pagar cartão,2022-06-13,
1831,pagar,2022-06-13,
1745,cartão casas,2022-06-14,
1746,cartão sem anuidade,2022-06-14,13
1747,cartão sem anuidade,2022-06-14,
1748,cartão virtual,2022-06-14,26
1749,cartão virtual,2022-06-14,
1756,conta grátis,2022-06-14,170
1751,casas bahia,2022-06-14,
1752,cashback,2022-06-14,32
1753,cashback,2022-06-14,
1754,conta digital,2022-06-14,26
1755,conta digital,2022-06-14,
1744,cartão casas,2022-06-14,38
1750,casas bahia,2022-06-14,5
1743,carne bahia,2022-06-14,
1735,boleto,2022-06-14,
1741,carne,2022-06-14,
1740,carne,2022-06-14,3
1739,boleto recarga,2022-06-14,
1738,boleto recarga,2022-06-14,5
1737,boleto carne,2022-06-14,
1736,boleto carne,2022-06-14,2
1734,boleto,2022-06-14,15
1733,banqi,2022-06-14,
1732,banqi,2022-06-14,1
1731,bank,2022-06-14,
1730,bank,2022-06-14,1
1729,banco digital,2022-06-14,
1728,banco digital,2022-06-14,31
1757,conta grátis,2022-06-14,
1742,carne bahia,2022-06-14,1
1758,conta sem anuidade,2022-06-14,13
1760,pagamento,2022-06-14,40
1791,recarga virtual,2022-06-14,
1790,recarga virtual,2022-06-14,2
1789,recarga cartão,2022-06-14,
1788,recarga cartão,2022-06-14,15
1787,recarga boleto,2022-06-14,
1786,recarga boleto,2022-06-14,5
1785,recarga bilhete,2022-06-14,
1784,recarga bilhete,2022-06-14,39
1783,recarga,2022-06-14,
1782,recarga,2022-06-14,27
1781,pre pago,2022-06-14,
1780,pre pago,2022-06-14,12
1779,pagar recarga,2022-06-14,
1778,pagar recarga,2022-06-14,5
1777,pagar digital,2022-06-14,
1776,pagar digital,2022-06-14,15
1759,conta sem anuidade,2022-06-14,
1774,pagar contas,2022-06-14,43
1761,pagamento,2022-06-14,
1762,pagamento boleto,2022-06-14,42
1763,pagamento boleto,2022-06-14,
1764,pagamento carne,2022-06-14,1
1775,pagar contas,2022-06-14,
1766,pagar,2022-06-14,35
1765,pagamento carne,2022-06-14,
1768,pagar boleto,2022-06-14,12
1769,pagar boleto,2022-06-14,
1770,pagar carne,2022-06-14,1
1771,pagar carne,2022-06-14,
1772,pagar cartão,2022-06-14,16
1773,pagar cartão,2022-06-14,
1767,pagar,2022-06-14,
1682,cartão sem anuidade,2022-06-15,13
1683,cartão sem anuidade,2022-06-15,
1684,cartão virtual,2022-06-15,26
1685,cartão virtual,2022-06-15,
1686,casas bahia,2022-06-15,5
1693,conta grátis,2022-06-15,
1688,cashback,2022-06-15,32
1689,cashback,2022-06-15,
1690,conta digital,2022-06-15,26
1691,conta digital,2022-06-15,
1692,conta grátis,2022-06-15,166
1681,cartão casas,2022-06-15,
1687,casas bahia,2022-06-15,
1680,cartão casas,2022-06-15,35
1672,boleto carne,2022-06-15,2
1678,carne bahia,2022-06-15,1
1677,carne,2022-06-15,
1676,carne,2022-06-15,3
1675,boleto recarga,2022-06-15,
1674,boleto recarga,2022-06-15,5
1673,boleto carne,2022-06-15,
1671,boleto,2022-06-15,
1670,boleto,2022-06-15,14
1669,banqi,2022-06-15,
1668,banqi,2022-06-15,1
1667,bank,2022-06-15,
1666,bank,2022-06-15,1
1665,banco digital,2022-06-15,
1694,conta sem anuidade,2022-06-15,13
1679,carne bahia,2022-06-15,
1664,banco digital,2022-06-15,34
1696,pagamento,2022-06-15,41
1697,pagamento,2022-06-15,
1727,recarga virtual,2022-06-15,
1726,recarga virtual,2022-06-15,2
1725,recarga cartão,2022-06-15,
1724,recarga cartão,2022-06-15,15
1723,recarga boleto,2022-06-15,
1722,recarga boleto,2022-06-15,5
1721,recarga bilhete,2022-06-15,
1720,recarga bilhete,2022-06-15,38
1695,conta sem anuidade,2022-06-15,
1718,recarga,2022-06-15,27
1717,pre pago,2022-06-15,
1716,pre pago,2022-06-15,12
1715,pagar recarga,2022-06-15,
1714,pagar recarga,2022-06-15,5
1713,pagar digital,2022-06-15,
1719,recarga,2022-06-15,
1711,pagar contas,2022-06-15,
1712,pagar digital,2022-06-15,16
1698,pagamento boleto,2022-06-15,36
1699,pagamento boleto,2022-06-15,
1700,pagamento carne,2022-06-15,1
1701,pagamento carne,2022-06-15,
1702,pagar,2022-06-15,35
1703,pagar,2022-06-15,
1704,pagar boleto,2022-06-15,13
1705,pagar boleto,2022-06-15,
1706,pagar carne,2022-06-15,1
1707,pagar carne,2022-06-15,
1708,pagar cartão,2022-06-15,17
1709,pagar cartão,2022-06-15,
1710,pagar contas,2022-06-15,43
1616,cartão casas,2022-06-16,35
1617,cartão casas,2022-06-16,
1618,cartão sem anuidade,2022-06-16,13
1619,cartão sem anuidade,2022-06-16,
1620,cartão virtual,2022-06-16,26
1621,cartão virtual,2022-06-16,
1624,cashback,2022-06-16,32
1623,casas bahia,2022-06-16,
1615,carne bahia,2022-06-16,
1625,cashback,2022-06-16,
1626,conta digital,2022-06-16,30
1627,conta digital,2022-06-16,
1622,casas bahia,2022-06-16,5
1628,conta grátis,2022-06-16,166
1629,conta grátis,2022-06-16,
1612,carne,2022-06-16,4
1611,boleto recarga,2022-06-16,
1610,boleto recarga,2022-06-16,5
1609,boleto carne,2022-06-16,
1608,boleto carne,2022-06-16,2
1607,boleto,2022-06-16,
1606,boleto,2022-06-16,16
1605,banqi,2022-06-16,
1604,banqi,2022-06-16,1
1603,bank,2022-06-16,
1602,bank,2022-06-16,1
1601,banco digital,2022-06-16,
1600,banco digital,2022-06-16,29
1613,carne,2022-06-16,
1630,conta sem anuidade,2022-06-16,13
1614,carne bahia,2022-06-16,1
1631,conta sem anuidade,2022-06-16,
1632,pagamento,2022-06-16,41
1662,recarga virtual,2022-06-16,2
1661,recarga cartão,2022-06-16,
1660,recarga cartão,2022-06-16,15
1659,recarga boleto,2022-06-16,
1658,recarga boleto,2022-06-16,5
1657,recarga bilhete,2022-06-16,
1656,recarga bilhete,2022-06-16,37
1655,recarga,2022-06-16,
1654,recarga,2022-06-16,27
1653,pre pago,2022-06-16,
1652,pre pago,2022-06-16,13
1651,pagar recarga,2022-06-16,
1650,pagar recarga,2022-06-16,5
1649,pagar digital,2022-06-16,
1663,recarga virtual,2022-06-16,
1647,pagar contas,2022-06-16,
1633,pagamento,2022-06-16,
1634,pagamento boleto,2022-06-16,36
1635,pagamento boleto,2022-06-16,
1636,pagamento carne,2022-06-16,1
1648,pagar digital,2022-06-16,16
1638,pagar,2022-06-16,35
1639,pagar,2022-06-16,
1637,pagamento carne,2022-06-16,
1641,pagar boleto,2022-06-16,
1642,pagar carne,2022-06-16,1
1643,pagar carne,2022-06-16,
1644,pagar cartão,2022-06-16,17
1645,pagar cartão,2022-06-16,
1646,pagar contas,2022-06-16,44
1640,pagar boleto,2022-06-16,12
1553,cartão casas,2022-06-17,
1554,cartão sem anuidade,2022-06-17,13
1555,cartão sem anuidade,2022-06-17,
1556,cartão virtual,2022-06-17,26
1557,cartão virtual,2022-06-17,
1564,conta grátis,2022-06-17,170
1559,casas bahia,2022-06-17,
1560,cashback,2022-06-17,31
1561,cashback,2022-06-17,
1562,conta digital,2022-06-17,33
1563,conta digital,2022-06-17,
1552,cartão casas,2022-06-17,31
1558,casas bahia,2022-06-17,5
1551,carne bahia,2022-06-17,
1543,boleto,2022-06-17,
1549,carne,2022-06-17,
1548,carne,2022-06-17,3
1547,boleto recarga,2022-06-17,
1546,boleto recarga,2022-06-17,5
1545,boleto carne,2022-06-17,
1544,boleto carne,2022-06-17,2
1542,boleto,2022-06-17,16
1541,banqi,2022-06-17,
1540,banqi,2022-06-17,1
1539,bank,2022-06-17,
1538,bank,2022-06-17,1
1537,banco digital,2022-06-17,
1536,banco digital,2022-06-17,31
1565,conta grátis,2022-06-17,
1550,carne bahia,2022-06-17,1
1566,conta sem anuidade,2022-06-17,13
1568,pagamento,2022-06-17,41
1599,recarga virtual,2022-06-17,
1567,conta sem anuidade,2022-06-17,
1598,recarga virtual,2022-06-17,2
1597,recarga cartão,2022-06-17,
1596,recarga cartão,2022-06-17,16
1595,recarga boleto,2022-06-17,
1594,recarga boleto,2022-06-17,5
1593,recarga bilhete,2022-06-17,
1592,recarga bilhete,2022-06-17,38
1591,recarga,2022-06-17,
1589,pre pago,2022-06-17,
1588,pre pago,2022-06-17,12
1587,pagar recarga,2022-06-17,
1586,pagar recarga,2022-06-17,5
1585,pagar digital,2022-06-17,
1584,pagar digital,2022-06-17,16
1590,recarga,2022-06-17,27
1582,pagar contas,2022-06-17,43
1583,pagar contas,2022-06-17,
1570,pagamento boleto,2022-06-17,37
1571,pagamento boleto,2022-06-17,
1572,pagamento carne,2022-06-17,1
1573,pagamento carne,2022-06-17,
1574,pagar,2022-06-17,35
1575,pagar,2022-06-17,
1569,pagamento,2022-06-17,
1577,pagar boleto,2022-06-17,
1578,pagar carne,2022-06-17,1
1579,pagar carne,2022-06-17,
1580,pagar cartão,2022-06-17,17
1581,pagar cartão,2022-06-17,
1576,pagar boleto,2022-06-17,11
1489,cartão casas,2022-06-18,
1490,cartão sem anuidade,2022-06-18,13
1491,cartão sem anuidade,2022-06-18,
1492,cartão virtual,2022-06-18,26
1493,cartão virtual,2022-06-18,
1494,casas bahia,2022-06-18,5
1497,cashback,2022-06-18,
1496,cashback,2022-06-18,31
1498,conta digital,2022-06-18,37
1499,conta digital,2022-06-18,
1500,conta grátis,2022-06-18,170
1488,cartão casas,2022-06-18,31
1495,casas bahia,2022-06-18,
1487,carne bahia,2022-06-18,
1501,conta grátis,2022-06-18,
1485,carne,2022-06-18,
1484,carne,2022-06-18,2
1483,boleto recarga,2022-06-18,
1482,boleto recarga,2022-06-18,5
1481,boleto carne,2022-06-18,
1480,boleto carne,2022-06-18,2
1479,boleto,2022-06-18,
1478,boleto,2022-06-18,14
1477,banqi,2022-06-18,
1476,banqi,2022-06-18,1
1475,bank,2022-06-18,
1474,bank,2022-06-18,1
1473,banco digital,2022-06-18,
1472,banco digital,2022-06-18,28
1486,carne bahia,2022-06-18,1
1502,conta sem anuidade,2022-06-18,13
1504,pagamento,2022-06-18,43
1535,recarga virtual,2022-06-18,
1534,recarga virtual,2022-06-18,2
1533,recarga cartão,2022-06-18,
1532,recarga cartão,2022-06-18,16
1531,recarga boleto,2022-06-18,
1530,recarga boleto,2022-06-18,5
1529,recarga bilhete,2022-06-18,
1528,recarga bilhete,2022-06-18,40
1527,recarga,2022-06-18,
1526,recarga,2022-06-18,27
1525,pre pago,2022-06-18,
1524,pre pago,2022-06-18,13
1523,pagar recarga,2022-06-18,
1522,pagar recarga,2022-06-18,5
1521,pagar digital,2022-06-18,
1520,pagar digital,2022-06-18,16
1503,conta sem anuidade,2022-06-18,
1518,pagar contas,2022-06-18,43
1505,pagamento,2022-06-18,
1506,pagamento boleto,2022-06-18,36
1507,pagamento boleto,2022-06-18,
1508,pagamento carne,2022-06-18,1
1519,pagar contas,2022-06-18,
1510,pagar,2022-06-18,35
1509,pagamento carne,2022-06-18,
1512,pagar boleto,2022-06-18,11
1513,pagar boleto,2022-06-18,
1514,pagar carne,2022-06-18,1
1515,pagar carne,2022-06-18,
1516,pagar cartão,2022-06-18,17
1517,pagar cartão,2022-06-18,
1511,pagar,2022-06-18,
1426,cartão sem anuidade,2022-06-19,
1427,cartão sem anuidade,2022-06-19,
1428,cartão virtual,2022-06-19,
1429,cartão virtual,2022-06-19,
1430,casas bahia,2022-06-19,
1437,conta grátis,2022-06-19,
1432,cashback,2022-06-19,
1433,cashback,2022-06-19,
1434,conta digital,2022-06-19,
1435,conta digital,2022-06-19,
1436,conta grátis,2022-06-19,
1425,cartão casas,2022-06-19,
1431,casas bahia,2022-06-19,
1424,cartão casas,2022-06-19,
1416,boleto carne,2022-06-19,
1422,carne bahia,2022-06-19,
1421,carne,2022-06-19,
1420,carne,2022-06-19,
1419,boleto recarga,2022-06-19,
1418,boleto recarga,2022-06-19,
1417,boleto carne,2022-06-19,
1415,boleto,2022-06-19,
1414,boleto,2022-06-19,
1413,banqi,2022-06-19,
1412,banqi,2022-06-19,
1411,bank,2022-06-19,
1410,bank,2022-06-19,
1409,banco digital,2022-06-19,
1438,conta sem anuidade,2022-06-19,
1423,carne bahia,2022-06-19,
1408,banco digital,2022-06-19,
1439,conta sem anuidade,2022-06-19,
1441,pagamento,2022-06-19,
1471,recarga virtual,2022-06-19,
1470,recarga virtual,2022-06-19,
1469,recarga cartão,2022-06-19,
1468,recarga cartão,2022-06-19,
1467,recarga boleto,2022-06-19,
1466,recarga boleto,2022-06-19,
1465,recarga bilhete,2022-06-19,
1464,recarga bilhete,2022-06-19,
1440,pagamento,2022-06-19,
1462,recarga,2022-06-19,
1461,pre pago,2022-06-19,
1460,pre pago,2022-06-19,
1459,pagar recarga,2022-06-19,
1458,pagar recarga,2022-06-19,
1457,pagar digital,2022-06-19,
1463,recarga,2022-06-19,
1455,pagar contas,2022-06-19,
1456,pagar digital,2022-06-19,
1442,pagamento boleto,2022-06-19,
1443,pagamento boleto,2022-06-19,
1444,pagamento carne,2022-06-19,
1445,pagamento carne,2022-06-19,
1446,pagar,2022-06-19,
1447,pagar,2022-06-19,
1448,pagar boleto,2022-06-19,
1449,pagar boleto,2022-06-19,
1450,pagar carne,2022-06-19,
1451,pagar carne,2022-06-19,
1452,pagar cartão,2022-06-19,
1453,pagar cartão,2022-06-19,
1454,pagar contas,2022-06-19,
1361,cartão casas,2022-06-20,
1362,cartão sem anuidade,2022-06-20,13
1363,cartão sem anuidade,2022-06-20,
1364,cartão virtual,2022-06-20,25
1365,cartão virtual,2022-06-20,
1366,casas bahia,2022-06-20,5
1369,cashback,2022-06-20,
1368,cashback,2022-06-20,31
1360,cartão casas,2022-06-20,33
1370,conta digital,2022-06-20,38
1371,conta digital,2022-06-20,
1372,conta grátis,2022-06-20,169
1367,casas bahia,2022-06-20,
1373,conta grátis,2022-06-20,
1374,conta sem anuidade,2022-06-20,14
1357,carne,2022-06-20,
1356,carne,2022-06-20,4
1355,boleto recarga,2022-06-20,
1354,boleto recarga,2022-06-20,5
1353,boleto carne,2022-06-20,
1352,boleto carne,2022-06-20,2
1351,boleto,2022-06-20,
1350,boleto,2022-06-20,14
1349,banqi,2022-06-20,
1348,banqi,2022-06-20,1
1347,bank,2022-06-20,
1346,bank,2022-06-20,1
1345,banco digital,2022-06-20,
1344,banco digital,2022-06-20,29
1358,carne bahia,2022-06-20,1
1375,conta sem anuidade,2022-06-20,
1359,carne bahia,2022-06-20,
1377,pagamento,2022-06-20,
1407,recarga virtual,2022-06-20,
1406,recarga virtual,2022-06-20,2
1405,recarga cartão,2022-06-20,
1404,recarga cartão,2022-06-20,16
1403,recarga boleto,2022-06-20,
1402,recarga boleto,2022-06-20,5
1401,recarga bilhete,2022-06-20,
1400,recarga bilhete,2022-06-20,38
1399,recarga,2022-06-20,
1398,recarga,2022-06-20,28
1397,pre pago,2022-06-20,
1396,pre pago,2022-06-20,12
1395,pagar recarga,2022-06-20,
1394,pagar recarga,2022-06-20,5
1393,pagar digital,2022-06-20,
1376,pagamento,2022-06-20,44
1391,pagar contas,2022-06-20,
1378,pagamento boleto,2022-06-20,35
1379,pagamento boleto,2022-06-20,
1380,pagamento carne,2022-06-20,1
1381,pagamento carne,2022-06-20,
1392,pagar digital,2022-06-20,16
1383,pagar,2022-06-20,
1382,pagar,2022-06-20,35
1385,pagar boleto,2022-06-20,
1386,pagar carne,2022-06-20,1
1387,pagar carne,2022-06-20,
1388,pagar cartão,2022-06-20,17
1389,pagar cartão,2022-06-20,
1390,pagar contas,2022-06-20,44
1384,pagar boleto,2022-06-20,11
1297,cartão casas,2022-06-21,
1298,cartão sem anuidade,2022-06-21,13
1299,cartão sem anuidade,2022-06-21,
1300,cartão virtual,2022-06-21,25
1301,cartão virtual,2022-06-21,
1308,conta grátis,2022-06-21,167
1303,casas bahia,2022-06-21,
1304,cashback,2022-06-21,31
1305,cashback,2022-06-21,
1306,conta digital,2022-06-21,35
1307,conta digital,2022-06-21,
1296,cartão casas,2022-06-21,33
1302,casas bahia,2022-06-21,5
1295,carne bahia,2022-06-21,
1287,boleto,2022-06-21,
1293,carne,2022-06-21,
1292,carne,2022-06-21,4
1291,boleto recarga,2022-06-21,
1290,boleto recarga,2022-06-21,5
1289,boleto carne,2022-06-21,
1288,boleto carne,2022-06-21,2
1286,boleto,2022-06-21,15
1285,banqi,2022-06-21,
1284,banqi,2022-06-21,1
1283,bank,2022-06-21,
1282,bank,2022-06-21,1
1281,banco digital,2022-06-21,
1280,banco digital,2022-06-21,30
1309,conta grátis,2022-06-21,
1294,carne bahia,2022-06-21,1
1310,conta sem anuidade,2022-06-21,13
1311,conta sem anuidade,2022-06-21,
1312,pagamento,2022-06-21,44
1342,recarga virtual,2022-06-21,2
1341,recarga cartão,2022-06-21,
1340,recarga cartão,2022-06-21,16
1339,recarga boleto,2022-06-21,
1338,recarga boleto,2022-06-21,5
1337,recarga bilhete,2022-06-21,
1336,recarga bilhete,2022-06-21,38
1335,recarga,2022-06-21,
1333,pre pago,2022-06-21,
1332,pre pago,2022-06-21,12
1331,pagar recarga,2022-06-21,
1330,pagar recarga,2022-06-21,5
1329,pagar digital,2022-06-21,
1328,pagar digital,2022-06-21,16
1334,recarga,2022-06-21,28
1326,pagar contas,2022-06-21,45
1327,pagar contas,2022-06-21,
1314,pagamento boleto,2022-06-21,35
1315,pagamento boleto,2022-06-21,
1316,pagamento carne,2022-06-21,1
1317,pagamento carne,2022-06-21,
1318,pagar,2022-06-21,35
1319,pagar,2022-06-21,
1313,pagamento,2022-06-21,
1343,recarga virtual,2022-06-21,
1321,pagar boleto,2022-06-21,
1322,pagar carne,2022-06-21,1
1323,pagar carne,2022-06-21,
1324,pagar cartão,2022-06-21,17
1325,pagar cartão,2022-06-21,
1320,pagar boleto,2022-06-21,12
1233,cartão casas,2022-06-22,
1234,cartão sem anuidade,2022-06-22,13
1235,cartão sem anuidade,2022-06-22,
1236,cartão virtual,2022-06-22,25
1237,cartão virtual,2022-06-22,
1238,casas bahia,2022-06-22,5
1232,cartão casas,2022-06-22,34
1240,cashback,2022-06-22,21
1242,conta digital,2022-06-22,31
1243,conta digital,2022-06-22,
1244,conta grátis,2022-06-22,176
1245,conta grátis,2022-06-22,
1239,casas bahia,2022-06-22,
1241,cashback,2022-06-22,
1216,banco digital,2022-06-22,29
1229,carne,2022-06-22,
1228,carne,2022-06-22,2
1227,boleto recarga,2022-06-22,
1226,boleto recarga,2022-06-22,6
1225,boleto carne,2022-06-22,
1224,boleto carne,2022-06-22,2
1223,boleto,2022-06-22,
1222,boleto,2022-06-22,16
1221,banqi,2022-06-22,
1220,banqi,2022-06-22,1
1219,bank,2022-06-22,
1218,bank,2022-06-22,1
1217,banco digital,2022-06-22,
1246,conta sem anuidade,2022-06-22,13
1230,carne bahia,2022-06-22,1
1247,conta sem anuidade,2022-06-22,
1231,carne bahia,2022-06-22,
1249,pagamento,2022-06-22,
1279,recarga virtual,2022-06-22,
1278,recarga virtual,2022-06-22,2
1277,recarga cartão,2022-06-22,
1276,recarga cartão,2022-06-22,16
1275,recarga boleto,2022-06-22,
1274,recarga boleto,2022-06-22,6
1273,recarga bilhete,2022-06-22,
1272,recarga bilhete,2022-06-22,39
1270,recarga,2022-06-22,29
1269,pre pago,2022-06-22,
1268,pre pago,2022-06-22,12
1267,pagar recarga,2022-06-22,
1266,pagar recarga,2022-06-22,5
1265,pagar digital,2022-06-22,
1271,recarga,2022-06-22,
1263,pagar contas,2022-06-22,
1264,pagar digital,2022-06-22,16
1251,pagamento boleto,2022-06-22,
1252,pagamento carne,2022-06-22,1
1253,pagamento carne,2022-06-22,
1254,pagar,2022-06-22,35
1255,pagar,2022-06-22,
1256,pagar boleto,2022-06-22,9
1250,pagamento boleto,2022-06-22,35
1248,pagamento,2022-06-22,45
1258,pagar carne,2022-06-22,1
1259,pagar carne,2022-06-22,
1260,pagar cartão,2022-06-22,17
1261,pagar cartão,2022-06-22,
1262,pagar contas,2022-06-22,40
1257,pagar boleto,2022-06-22,
1169,cartão casas,2022-06-23,
1170,cartão sem anuidade,2022-06-23,13
1171,cartão sem anuidade,2022-06-23,
1172,cartão virtual,2022-06-23,26
1173,cartão virtual,2022-06-23,
1174,casas bahia,2022-06-23,5
1168,cartão casas,2022-06-23,33
1176,cashback,2022-06-23,17
1178,conta digital,2022-06-23,29
1179,conta digital,2022-06-23,
1180,conta grátis,2022-06-23,170
1181,conta grátis,2022-06-23,
1175,casas bahia,2022-06-23,
1177,cashback,2022-06-23,
1152,banco digital,2022-06-23,30
1165,carne,2022-06-23,
1164,carne,2022-06-23,2
1163,boleto recarga,2022-06-23,
1162,boleto recarga,2022-06-23,5
1161,boleto carne,2022-06-23,
1160,boleto carne,2022-06-23,2
1159,boleto,2022-06-23,
1158,boleto,2022-06-23,17
1157,banqi,2022-06-23,
1156,banqi,2022-06-23,1
1155,bank,2022-06-23,
1154,bank,2022-06-23,1
1153,banco digital,2022-06-23,
1182,conta sem anuidade,2022-06-23,13
1166,carne bahia,2022-06-23,1
1183,conta sem anuidade,2022-06-23,
1167,carne bahia,2022-06-23,
1185,pagamento,2022-06-23,
1215,recarga virtual,2022-06-23,
1214,recarga virtual,2022-06-23,2
1213,recarga cartão,2022-06-23,
1212,recarga cartão,2022-06-23,15
1211,recarga boleto,2022-06-23,
1210,recarga boleto,2022-06-23,5
1209,recarga bilhete,2022-06-23,
1208,recarga bilhete,2022-06-23,37
1184,pagamento,2022-06-23,45
1206,recarga,2022-06-23,16
1205,pre pago,2022-06-23,
1204,pre pago,2022-06-23,11
1203,pagar recarga,2022-06-23,
1202,pagar recarga,2022-06-23,5
1201,pagar digital,2022-06-23,
1207,recarga,2022-06-23,
1199,pagar contas,2022-06-23,
1200,pagar digital,2022-06-23,16
1186,pagamento boleto,2022-06-23,35
1187,pagamento boleto,2022-06-23,
1188,pagamento carne,2022-06-23,1
1190,pagar,2022-06-23,35
1191,pagar,2022-06-23,
1189,pagamento carne,2022-06-23,
1193,pagar boleto,2022-06-23,
1194,pagar carne,2022-06-23,1
1195,pagar carne,2022-06-23,
1196,pagar cartão,2022-06-23,17
1197,pagar cartão,2022-06-23,
1198,pagar contas,2022-06-23,40
1192,pagar boleto,2022-06-23,9
1109,cartão virtual,2022-06-24,
1105,cartão casas,2022-06-24,
1106,cartão sem anuidade,2022-06-24,13
1107,cartão sem anuidade,2022-06-24,
1108,cartão virtual,2022-06-24,25
1110,casas bahia,2022-06-24,5
1117,conta grátis,2022-06-24,
1112,cashback,2022-06-24,24
1113,cashback,2022-06-24,
1114,conta digital,2022-06-24,30
1115,conta digital,2022-06-24,
1116,conta grátis,2022-06-24,176
1111,casas bahia,2022-06-24,
1104,cartão casas,2022-06-24,33
1089,banco digital,2022-06-24,
1102,carne bahia,2022-06-24,1
1101,carne,2022-06-24,
1100,carne,2022-06-24,2
1099,boleto recarga,2022-06-24,
1098,boleto recarga,2022-06-24,5
1097,boleto carne,2022-06-24,
1096,boleto carne,2022-06-24,2
1095,boleto,2022-06-24,
1094,boleto,2022-06-24,20
1093,banqi,2022-06-24,
1092,banqi,2022-06-24,1
1091,bank,2022-06-24,
1090,bank,2022-06-24,1
1118,conta sem anuidade,2022-06-24,13
1103,carne bahia,2022-06-24,
1119,conta sem anuidade,2022-06-24,
1135,pagar contas,2022-06-24,
1121,pagamento,2022-06-24,
1151,recarga virtual,2022-06-24,
1150,recarga virtual,2022-06-24,2
1149,recarga cartão,2022-06-24,
1148,recarga cartão,2022-06-24,15
1147,recarga boleto,2022-06-24,
1146,recarga boleto,2022-06-24,5
1145,recarga bilhete,2022-06-24,
1144,recarga bilhete,2022-06-24,37
1143,recarga,2022-06-24,
1142,recarga,2022-06-24,16
1141,pre pago,2022-06-24,
1140,pre pago,2022-06-24,13
1139,pagar recarga,2022-06-24,
1138,pagar recarga,2022-06-24,5
1137,pagar digital,2022-06-24,
1136,pagar digital,2022-06-24,16
1134,pagar contas,2022-06-24,40
1133,pagar cartão,2022-06-24,
1132,pagar cartão,2022-06-24,17
1131,pagar carne,2022-06-24,
1130,pagar carne,2022-06-24,1
1129,pagar boleto,2022-06-24,
1128,pagar boleto,2022-06-24,9
1127,pagar,2022-06-24,
1126,pagar,2022-06-24,35
1125,pagamento carne,2022-06-24,
1124,pagamento carne,2022-06-24,1
1123,pagamento boleto,2022-06-24,
1122,pagamento boleto,2022-06-24,35
1120,pagamento,2022-06-24,44
1088,banco digital,2022-06-24,31
1087,recarga virtual,2022-06-25,
1085,recarga cartão,2022-06-25,
1051,conta digital,2022-06-25,
1050,conta digital,2022-06-25,29
1049,cashback,2022-06-25,
1048,cashback,2022-06-25,25
1047,casas bahia,2022-06-25,
1046,casas bahia,2022-06-25,5
1045,cartão virtual,2022-06-25,
1044,cartão virtual,2022-06-25,25
1043,cartão sem anuidade,2022-06-25,
1042,cartão sem anuidade,2022-06-25,13
1041,cartão casas,2022-06-25,
1040,cartão casas,2022-06-25,34
1038,carne bahia,2022-06-25,1
1052,conta grátis,2022-06-25,174
1037,carne,2022-06-25,
1035,boleto recarga,2022-06-25,
1034,boleto recarga,2022-06-25,5
1033,boleto carne,2022-06-25,
1032,boleto carne,2022-06-25,2
1031,boleto,2022-06-25,
1030,boleto,2022-06-25,20
1029,banqi,2022-06-25,
1028,banqi,2022-06-25,1
1027,bank,2022-06-25,
1026,bank,2022-06-25,1
1025,banco digital,2022-06-25,
1024,banco digital,2022-06-25,29
1086,recarga virtual,2022-06-25,2
1036,carne,2022-06-25,2
1053,conta grátis,2022-06-25,
1039,carne bahia,2022-06-25,
1055,conta sem anuidade,2022-06-25,
1054,conta sem anuidade,2022-06-25,13
1083,recarga boleto,2022-06-25,
1082,recarga boleto,2022-06-25,5
1081,recarga bilhete,2022-06-25,
1080,recarga bilhete,2022-06-25,38
1079,recarga,2022-06-25,
1078,recarga,2022-06-25,17
1077,pre pago,2022-06-25,
1076,pre pago,2022-06-25,13
1075,pagar recarga,2022-06-25,
1074,pagar recarga,2022-06-25,5
1073,pagar digital,2022-06-25,
1072,pagar digital,2022-06-25,16
1071,pagar contas,2022-06-25,
1070,pagar contas,2022-06-25,40
1084,recarga cartão,2022-06-25,15
1060,pagamento carne,2022-06-25,1
1068,pagar cartão,2022-06-25,16
1067,pagar carne,2022-06-25,
1066,pagar carne,2022-06-25,1
1065,pagar boleto,2022-06-25,
1064,pagar boleto,2022-06-25,10
1063,pagar,2022-06-25,
1062,pagar,2022-06-25,35
1061,pagamento carne,2022-06-25,
1069,pagar cartão,2022-06-25,
1059,pagamento boleto,2022-06-25,
1058,pagamento boleto,2022-06-25,35
1057,pagamento,2022-06-25,
1056,pagamento,2022-06-25,43
980,cartão virtual,2022-06-26,25
979,cartão sem anuidade,2022-06-26,
989,conta grátis,2022-06-26,
977,cartão casas,2022-06-26,
978,cartão sem anuidade,2022-06-26,13
981,cartão virtual,2022-06-26,
988,conta grátis,2022-06-26,174
983,casas bahia,2022-06-26,
984,cashback,2022-06-26,27
985,cashback,2022-06-26,
986,conta digital,2022-06-26,29
987,conta digital,2022-06-26,
976,cartão casas,2022-06-26,34
982,casas bahia,2022-06-26,5
975,carne bahia,2022-06-26,
968,boleto carne,2022-06-26,2
973,carne,2022-06-26,
972,carne,2022-06-26,2
971,boleto recarga,2022-06-26,
970,boleto recarga,2022-06-26,5
969,boleto carne,2022-06-26,
967,boleto,2022-06-26,
966,boleto,2022-06-26,18
965,banqi,2022-06-26,
964,banqi,2022-06-26,1
963,bank,2022-06-26,
962,bank,2022-06-26,1
961,banco digital,2022-06-26,
960,banco digital,2022-06-26,31
974,carne bahia,2022-06-26,1
990,conta sem anuidade,2022-06-26,13
1007,pagar contas,2022-06-26,
992,pagamento,2022-06-26,41
991,conta sem anuidade,2022-06-26,
1022,recarga virtual,2022-06-26,2
1021,recarga cartão,2022-06-26,
1020,recarga cartão,2022-06-26,15
1019,recarga boleto,2022-06-26,
1018,recarga boleto,2022-06-26,5
1017,recarga bilhete,2022-06-26,
1016,recarga bilhete,2022-06-26,37
1015,recarga,2022-06-26,
1014,recarga,2022-06-26,16
1013,pre pago,2022-06-26,
1012,pre pago,2022-06-26,13
1011,pagar recarga,2022-06-26,
1010,pagar recarga,2022-06-26,5
1009,pagar digital,2022-06-26,
1023,recarga virtual,2022-06-26,
993,pagamento,2022-06-26,
994,pagamento boleto,2022-06-26,35
995,pagamento boleto,2022-06-26,
996,pagamento carne,2022-06-26,1
1008,pagar digital,2022-06-26,16
998,pagar,2022-06-26,35
999,pagar,2022-06-26,
997,pagamento carne,2022-06-26,
1001,pagar boleto,2022-06-26,
1002,pagar carne,2022-06-26,1
1003,pagar carne,2022-06-26,
1004,pagar cartão,2022-06-26,16
1005,pagar cartão,2022-06-26,
1006,pagar contas,2022-06-26,40
1000,pagar boleto,2022-06-26,8
913,cartão casas,2022-06-27,
914,cartão sem anuidade,2022-06-27,13
915,cartão sem anuidade,2022-06-27,
916,cartão virtual,2022-06-27,26
917,cartão virtual,2022-06-27,
918,casas bahia,2022-06-27,5
925,conta grátis,2022-06-27,
920,cashback,2022-06-27,28
921,cashback,2022-06-27,
922,conta digital,2022-06-27,31
923,conta digital,2022-06-27,
924,conta grátis,2022-06-27,178
912,cartão casas,2022-06-27,33
919,casas bahia,2022-06-27,
911,carne bahia,2022-06-27,
903,boleto,2022-06-27,
909,carne,2022-06-27,
908,carne,2022-06-27,2
907,boleto recarga,2022-06-27,
906,boleto recarga,2022-06-27,5
905,boleto carne,2022-06-27,
904,boleto carne,2022-06-27,2
902,boleto,2022-06-27,18
901,banqi,2022-06-27,
900,banqi,2022-06-27,1
899,bank,2022-06-27,
898,bank,2022-06-27,1
897,banco digital,2022-06-27,
896,banco digital,2022-06-27,35
910,carne bahia,2022-06-27,1
926,conta sem anuidade,2022-06-27,13
943,pagar contas,2022-06-27,
928,pagamento,2022-06-27,41
958,recarga virtual,2022-06-27,2
957,recarga cartão,2022-06-27,
956,recarga cartão,2022-06-27,15
955,recarga boleto,2022-06-27,
954,recarga boleto,2022-06-27,5
953,recarga bilhete,2022-06-27,
952,recarga bilhete,2022-06-27,38
951,recarga,2022-06-27,
950,recarga,2022-06-27,16
949,pre pago,2022-06-27,
948,pre pago,2022-06-27,10
947,pagar recarga,2022-06-27,
946,pagar recarga,2022-06-27,5
945,pagar digital,2022-06-27,
944,pagar digital,2022-06-27,16
927,conta sem anuidade,2022-06-27,
942,pagar contas,2022-06-27,40
929,pagamento,2022-06-27,
930,pagamento boleto,2022-06-27,36
931,pagamento boleto,2022-06-27,
932,pagamento carne,2022-06-27,1
959,recarga virtual,2022-06-27,
934,pagar,2022-06-27,35
933,pagamento carne,2022-06-27,
936,pagar boleto,2022-06-27,10
937,pagar boleto,2022-06-27,
938,pagar carne,2022-06-27,1
939,pagar carne,2022-06-27,
940,pagar cartão,2022-06-27,16
941,pagar cartão,2022-06-27,
935,pagar,2022-06-27,
850,cartão sem anuidade,2022-06-28,13
851,cartão sem anuidade,2022-06-28,
852,cartão virtual,2022-06-28,5
853,cartão virtual,2022-06-28,
854,casas bahia,2022-06-28,5
861,conta grátis,2022-06-28,
856,cashback,2022-06-28,25
857,cashback,2022-06-28,
858,conta digital,2022-06-28,30
859,conta digital,2022-06-28,
860,conta grátis,2022-06-28,171
849,cartão casas,2022-06-28,
855,casas bahia,2022-06-28,
848,cartão casas,2022-06-28,35
840,boleto carne,2022-06-28,2
846,carne bahia,2022-06-28,1
845,carne,2022-06-28,
844,carne,2022-06-28,2
843,boleto recarga,2022-06-28,
842,boleto recarga,2022-06-28,5
841,boleto carne,2022-06-28,
839,boleto,2022-06-28,
838,boleto,2022-06-28,17
837,banqi,2022-06-28,
836,banqi,2022-06-28,1
835,bank,2022-06-28,
834,bank,2022-06-28,1
833,banco digital,2022-06-28,
862,conta sem anuidade,2022-06-28,13
847,carne bahia,2022-06-28,
832,banco digital,2022-06-28,33
863,conta sem anuidade,2022-06-28,
865,pagamento,2022-06-28,
864,pagamento,2022-06-28,46
895,recarga virtual,2022-06-28,
894,recarga virtual,2022-06-28,2
893,recarga cartão,2022-06-28,
892,recarga cartão,2022-06-28,16
891,recarga boleto,2022-06-28,
890,recarga boleto,2022-06-28,5
889,recarga bilhete,2022-06-28,
888,recarga bilhete,2022-06-28,37
886,recarga,2022-06-28,17
885,pre pago,2022-06-28,
884,pre pago,2022-06-28,12
883,pagar recarga,2022-06-28,
882,pagar recarga,2022-06-28,5
881,pagar digital,2022-06-28,
887,recarga,2022-06-28,
879,pagar contas,2022-06-28,
880,pagar digital,2022-06-28,16
867,pagamento boleto,2022-06-28,
868,pagamento carne,2022-06-28,1
869,pagamento carne,2022-06-28,
870,pagar,2022-06-28,35
871,pagar,2022-06-28,
872,pagar boleto,2022-06-28,12
866,pagamento boleto,2022-06-28,35
874,pagar carne,2022-06-28,1
875,pagar carne,2022-06-28,
876,pagar cartão,2022-06-28,16
877,pagar cartão,2022-06-28,
878,pagar contas,2022-06-28,40
873,pagar boleto,2022-06-28,
785,cartão casas,2022-06-29,
786,cartão sem anuidade,2022-06-29,13
787,cartão sem anuidade,2022-06-29,
788,cartão virtual,2022-06-29,5
789,cartão virtual,2022-06-29,
790,casas bahia,2022-06-29,5
793,cashback,2022-06-29,
792,cashback,2022-06-29,25
794,conta digital,2022-06-29,28
795,conta digital,2022-06-29,
796,conta grátis,2022-06-29,174
784,cartão casas,2022-06-29,35
791,casas bahia,2022-06-29,
797,conta grátis,2022-06-29,
768,banco digital,2022-06-29,34
782,carne bahia,2022-06-29,1
781,carne,2022-06-29,
780,carne,2022-06-29,2
779,boleto recarga,2022-06-29,
778,boleto recarga,2022-06-29,5
777,boleto carne,2022-06-29,
776,boleto carne,2022-06-29,2
775,boleto,2022-06-29,
774,boleto,2022-06-29,19
773,banqi,2022-06-29,
772,banqi,2022-06-29,1
771,bank,2022-06-29,
770,bank,2022-06-29,1
769,banco digital,2022-06-29,
783,carne bahia,2022-06-29,
798,conta sem anuidade,2022-06-29,13
815,pagar contas,2022-06-29,
800,pagamento,2022-06-29,47
831,recarga virtual,2022-06-29,
830,recarga virtual,2022-06-29,2
829,recarga cartão,2022-06-29,
828,recarga cartão,2022-06-29,14
827,recarga boleto,2022-06-29,
826,recarga boleto,2022-06-29,5
825,recarga bilhete,2022-06-29,
824,recarga bilhete,2022-06-29,39
823,recarga,2022-06-29,
822,recarga,2022-06-29,18
821,pre pago,2022-06-29,
820,pre pago,2022-06-29,14
819,pagar recarga,2022-06-29,
818,pagar recarga,2022-06-29,5
817,pagar digital,2022-06-29,
799,conta sem anuidade,2022-06-29,
814,pagar contas,2022-06-29,40
816,pagar digital,2022-06-29,16
802,pagamento boleto,2022-06-29,35
803,pagamento boleto,2022-06-29,
804,pagamento carne,2022-06-29,1
805,pagamento carne,2022-06-29,
806,pagar,2022-06-29,35
801,pagamento,2022-06-29,
808,pagar boleto,2022-06-29,8
809,pagar boleto,2022-06-29,
810,pagar carne,2022-06-29,1
811,pagar carne,2022-06-29,
812,pagar cartão,2022-06-29,16
807,pagar,2022-06-29,
813,pagar cartão,2022-06-29,
721,cartão casas,2022-06-30,
722,cartão sem anuidade,2022-06-30,13
723,cartão sem anuidade,2022-06-30,
724,cartão virtual,2022-06-30,6
725,cartão virtual,2022-06-30,
729,cashback,2022-06-30,
728,cashback,2022-06-30,29
730,conta digital,2022-06-30,33
731,conta digital,2022-06-30,
732,conta grátis,2022-06-30,171
720,cartão casas,2022-06-30,32
726,casas bahia,2022-06-30,5
719,carne bahia,2022-06-30,
712,boleto carne,2022-06-30,2
717,carne,2022-06-30,
716,carne,2022-06-30,3
715,boleto recarga,2022-06-30,
714,boleto recarga,2022-06-30,6
713,boleto carne,2022-06-30,
733,conta grátis,2022-06-30,
711,boleto,2022-06-30,
710,boleto,2022-06-30,20
709,banqi,2022-06-30,
708,banqi,2022-06-30,1
707,bank,2022-06-30,
706,bank,2022-06-30,1
705,banco digital,2022-06-30,
704,banco digital,2022-06-30,32
718,carne bahia,2022-06-30,1
734,conta sem anuidade,2022-06-30,13
727,casas bahia,2022-06-30,
767,recarga virtual,2022-06-30,
736,pagamento,2022-06-30,47
766,recarga virtual,2022-06-30,2
765,recarga cartão,2022-06-30,
764,recarga cartão,2022-06-30,16
763,recarga boleto,2022-06-30,
762,recarga boleto,2022-06-30,6
761,recarga bilhete,2022-06-30,
760,recarga bilhete,2022-06-30,37
759,recarga,2022-06-30,
758,recarga,2022-06-30,18
757,pre pago,2022-06-30,
756,pre pago,2022-06-30,14
755,pagar recarga,2022-06-30,
754,pagar recarga,2022-06-30,5
753,pagar digital,2022-06-30,
735,conta sem anuidade,2022-06-30,
751,pagar contas,2022-06-30,
752,pagar digital,2022-06-30,16
738,pagamento boleto,2022-06-30,35
739,pagamento boleto,2022-06-30,
740,pagamento carne,2022-06-30,1
741,pagamento carne,2022-06-30,
742,pagar,2022-06-30,35
743,pagar,2022-06-30,
737,pagamento,2022-06-30,
745,pagar boleto,2022-06-30,
746,pagar carne,2022-06-30,1
747,pagar carne,2022-06-30,
748,pagar cartão,2022-06-30,16
749,pagar cartão,2022-06-30,
750,pagar contas,2022-06-30,41
744,pagar boleto,2022-06-30,9
658,cartão sem anuidade,2022-07-01,13
659,cartão sem anuidade,2022-07-01,
660,cartão virtual,2022-07-01,6
661,cartão virtual,2022-07-01,
662,casas bahia,2022-07-01,5
665,cashback,2022-07-01,
664,cashback,2022-07-01,31
666,conta digital,2022-07-01,35
667,conta digital,2022-07-01,
668,conta grátis,2022-07-01,176
669,conta grátis,2022-07-01,
657,cartão casas,2022-07-01,
663,casas bahia,2022-07-01,
656,cartão casas,2022-07-01,32
648,boleto carne,2022-07-01,2
654,carne bahia,2022-07-01,1
653,carne,2022-07-01,
652,carne,2022-07-01,3
651,boleto recarga,2022-07-01,
650,boleto recarga,2022-07-01,6
649,boleto carne,2022-07-01,
647,boleto,2022-07-01,
646,boleto,2022-07-01,20
645,banqi,2022-07-01,
644,banqi,2022-07-01,1
643,bank,2022-07-01,
642,bank,2022-07-01,1
641,banco digital,2022-07-01,
640,banco digital,2022-07-01,31
655,carne bahia,2022-07-01,
670,conta sem anuidade,2022-07-01,13
671,conta sem anuidade,2022-07-01,
673,pagamento,2022-07-01,
703,recarga virtual,2022-07-01,
702,recarga virtual,2022-07-01,2
701,recarga cartão,2022-07-01,
700,recarga cartão,2022-07-01,15
699,recarga boleto,2022-07-01,
698,recarga boleto,2022-07-01,6
697,recarga bilhete,2022-07-01,
696,recarga bilhete,2022-07-01,37
695,recarga,2022-07-01,
694,recarga,2022-07-01,18
693,pre pago,2022-07-01,
692,pre pago,2022-07-01,14
691,pagar recarga,2022-07-01,
690,pagar recarga,2022-07-01,5
689,pagar digital,2022-07-01,
672,pagamento,2022-07-01,46
687,pagar contas,2022-07-01,
674,pagamento boleto,2022-07-01,35
675,pagamento boleto,2022-07-01,
676,pagamento carne,2022-07-01,1
677,pagamento carne,2022-07-01,
688,pagar digital,2022-07-01,16
679,pagar,2022-07-01,
678,pagar,2022-07-01,35
681,pagar boleto,2022-07-01,
682,pagar carne,2022-07-01,1
683,pagar carne,2022-07-01,
684,pagar cartão,2022-07-01,16
685,pagar cartão,2022-07-01,
686,pagar contas,2022-07-01,42
680,pagar boleto,2022-07-01,11
594,cartão sem anuidade,2022-07-02,13
595,cartão sem anuidade,2022-07-02,
596,cartão virtual,2022-07-02,6
597,cartão virtual,2022-07-02,
598,casas bahia,2022-07-02,5
605,conta grátis,2022-07-02,
600,cashback,2022-07-02,37
601,cashback,2022-07-02,
602,conta digital,2022-07-02,37
603,conta digital,2022-07-02,
604,conta grátis,2022-07-02,175
593,cartão casas,2022-07-02,
599,casas bahia,2022-07-02,
592,cartão casas,2022-07-02,36
584,boleto carne,2022-07-02,2
590,carne bahia,2022-07-02,1
589,carne,2022-07-02,
588,carne,2022-07-02,4
587,boleto recarga,2022-07-02,
586,boleto recarga,2022-07-02,5
585,boleto carne,2022-07-02,
583,boleto,2022-07-02,
582,boleto,2022-07-02,20
581,banqi,2022-07-02,
580,banqi,2022-07-02,1
579,bank,2022-07-02,
578,bank,2022-07-02,1
577,banco digital,2022-07-02,
606,conta sem anuidade,2022-07-02,13
591,carne bahia,2022-07-02,
576,banco digital,2022-07-02,34
607,conta sem anuidade,2022-07-02,
609,pagamento,2022-07-02,
608,pagamento,2022-07-02,46
639,recarga virtual,2022-07-02,
638,recarga virtual,2022-07-02,2
637,recarga cartão,2022-07-02,
636,recarga cartão,2022-07-02,16
635,recarga boleto,2022-07-02,
634,recarga boleto,2022-07-02,5
633,recarga bilhete,2022-07-02,
632,recarga bilhete,2022-07-02,38
630,recarga,2022-07-02,19
629,pre pago,2022-07-02,
628,pre pago,2022-07-02,14
627,pagar recarga,2022-07-02,
626,pagar recarga,2022-07-02,5
625,pagar digital,2022-07-02,
631,recarga,2022-07-02,
623,pagar contas,2022-07-02,
624,pagar digital,2022-07-02,16
611,pagamento boleto,2022-07-02,
612,pagamento carne,2022-07-02,1
613,pagamento carne,2022-07-02,
614,pagar,2022-07-02,35
615,pagar,2022-07-02,
616,pagar boleto,2022-07-02,10
610,pagamento boleto,2022-07-02,35
618,pagar carne,2022-07-02,1
619,pagar carne,2022-07-02,
620,pagar cartão,2022-07-02,16
621,pagar cartão,2022-07-02,
622,pagar contas,2022-07-02,42
617,pagar boleto,2022-07-02,
530,cartão sem anuidade,2022-07-03,13
531,cartão sem anuidade,2022-07-03,
532,cartão virtual,2022-07-03,6
533,cartão virtual,2022-07-03,
534,casas bahia,2022-07-03,5
535,casas bahia,2022-07-03,
538,conta digital,2022-07-03,32
537,cashback,2022-07-03,
539,conta digital,2022-07-03,
540,conta grátis,2022-07-03,174
541,conta grátis,2022-07-03,
529,cartão casas,2022-07-03,
536,cashback,2022-07-03,37
528,cartão casas,2022-07-03,33
512,banco digital,2022-07-03,31
526,carne bahia,2022-07-03,1
525,carne,2022-07-03,
524,carne,2022-07-03,4
523,boleto recarga,2022-07-03,
522,boleto recarga,2022-07-03,5
521,boleto carne,2022-07-03,
520,boleto carne,2022-07-03,2
519,boleto,2022-07-03,
518,boleto,2022-07-03,21
517,banqi,2022-07-03,
516,banqi,2022-07-03,1
515,bank,2022-07-03,
514,bank,2022-07-03,1
513,banco digital,2022-07-03,
527,carne bahia,2022-07-03,
543,conta sem anuidade,2022-07-03,
542,conta sem anuidade,2022-07-03,13
545,pagamento,2022-07-03,
575,recarga virtual,2022-07-03,
574,recarga virtual,2022-07-03,2
573,recarga cartão,2022-07-03,
572,recarga cartão,2022-07-03,16
571,recarga boleto,2022-07-03,
570,recarga boleto,2022-07-03,5
569,recarga bilhete,2022-07-03,
568,recarga bilhete,2022-07-03,37
567,recarga,2022-07-03,
566,recarga,2022-07-03,21
565,pre pago,2022-07-03,
564,pre pago,2022-07-03,15
563,pagar recarga,2022-07-03,
562,pagar recarga,2022-07-03,5
561,pagar digital,2022-07-03,
544,pagamento,2022-07-03,48
559,pagar contas,2022-07-03,
546,pagamento boleto,2022-07-03,35
547,pagamento boleto,2022-07-03,
548,pagamento carne,2022-07-03,1
549,pagamento carne,2022-07-03,
560,pagar digital,2022-07-03,16
551,pagar,2022-07-03,
550,pagar,2022-07-03,35
553,pagar boleto,2022-07-03,
554,pagar carne,2022-07-03,1
555,pagar carne,2022-07-03,
556,pagar cartão,2022-07-03,16
557,pagar cartão,2022-07-03,
558,pagar contas,2022-07-03,42
552,pagar boleto,2022-07-03,10
465,cartão casas,2022-07-04,
466,cartão sem anuidade,2022-07-04,13
467,cartão sem anuidade,2022-07-04,
468,cartão virtual,2022-07-04,7
469,cartão virtual,2022-07-04,
476,conta grátis,2022-07-04,174
471,casas bahia,2022-07-04,
472,cashback,2022-07-04,35
473,cashback,2022-07-04,
474,conta digital,2022-07-04,31
475,conta digital,2022-07-04,
464,cartão casas,2022-07-04,34
470,casas bahia,2022-07-04,5
463,carne bahia,2022-07-04,
455,boleto,2022-07-04,
461,carne,2022-07-04,
460,carne,2022-07-04,3
459,boleto recarga,2022-07-04,
458,boleto recarga,2022-07-04,5
457,boleto carne,2022-07-04,
456,boleto carne,2022-07-04,2
454,boleto,2022-07-04,22
453,banqi,2022-07-04,
452,banqi,2022-07-04,1
451,bank,2022-07-04,
450,bank,2022-07-04,1
449,banco digital,2022-07-04,
448,banco digital,2022-07-04,36
477,conta grátis,2022-07-04,
462,carne bahia,2022-07-04,1
478,conta sem anuidade,2022-07-04,13
479,conta sem anuidade,2022-07-04,
480,pagamento,2022-07-04,48
510,recarga virtual,2022-07-04,2
509,recarga cartão,2022-07-04,
508,recarga cartão,2022-07-04,16
507,recarga boleto,2022-07-04,
506,recarga boleto,2022-07-04,5
505,recarga bilhete,2022-07-04,
504,recarga bilhete,2022-07-04,38
503,recarga,2022-07-04,
502,recarga,2022-07-04,21
501,pre pago,2022-07-04,
500,pre pago,2022-07-04,15
499,pagar recarga,2022-07-04,
498,pagar recarga,2022-07-04,5
497,pagar digital,2022-07-04,
496,pagar digital,2022-07-04,16
511,recarga virtual,2022-07-04,
494,pagar contas,2022-07-04,42
481,pagamento,2022-07-04,
482,pagamento boleto,2022-07-04,34
483,pagamento boleto,2022-07-04,
484,pagamento carne,2022-07-04,1
495,pagar contas,2022-07-04,
486,pagar,2022-07-04,35
485,pagamento carne,2022-07-04,
488,pagar boleto,2022-07-04,10
489,pagar boleto,2022-07-04,
490,pagar carne,2022-07-04,1
491,pagar carne,2022-07-04,
492,pagar cartão,2022-07-04,16
493,pagar cartão,2022-07-04,
487,pagar,2022-07-04,
401,cartão casas,2022-07-05,
402,cartão sem anuidade,2022-07-05,13
403,cartão sem anuidade,2022-07-05,
404,cartão virtual,2022-07-05,7
405,cartão virtual,2022-07-05,
412,conta grátis,2022-07-05,175
407,casas bahia,2022-07-05,
408,cashback,2022-07-05,25
409,cashback,2022-07-05,
410,conta digital,2022-07-05,28
411,conta digital,2022-07-05,
400,cartão casas,2022-07-05,31
406,casas bahia,2022-07-05,5
399,carne bahia,2022-07-05,
391,boleto,2022-07-05,
397,carne,2022-07-05,
396,carne,2022-07-05,4
395,boleto recarga,2022-07-05,
394,boleto recarga,2022-07-05,6
393,boleto carne,2022-07-05,
392,boleto carne,2022-07-05,2
390,boleto,2022-07-05,21
389,banqi,2022-07-05,
388,banqi,2022-07-05,1
387,bank,2022-07-05,
386,bank,2022-07-05,1
385,banco digital,2022-07-05,
384,banco digital,2022-07-05,30
413,conta grátis,2022-07-05,
398,carne bahia,2022-07-05,1
414,conta sem anuidade,2022-07-05,13
415,conta sem anuidade,2022-07-05,
416,pagamento,2022-07-05,47
446,recarga virtual,2022-07-05,2
445,recarga cartão,2022-07-05,
444,recarga cartão,2022-07-05,15
443,recarga boleto,2022-07-05,
442,recarga boleto,2022-07-05,6
441,recarga bilhete,2022-07-05,
440,recarga bilhete,2022-07-05,37
439,recarga,2022-07-05,
438,recarga,2022-07-05,20
437,pre pago,2022-07-05,
436,pre pago,2022-07-05,18
435,pagar recarga,2022-07-05,
434,pagar recarga,2022-07-05,5
433,pagar digital,2022-07-05,
432,pagar digital,2022-07-05,16
447,recarga virtual,2022-07-05,
430,pagar contas,2022-07-05,42
417,pagamento,2022-07-05,
418,pagamento boleto,2022-07-05,33
419,pagamento boleto,2022-07-05,
420,pagamento carne,2022-07-05,1
431,pagar contas,2022-07-05,
422,pagar,2022-07-05,35
421,pagamento carne,2022-07-05,
424,pagar boleto,2022-07-05,10
425,pagar boleto,2022-07-05,
426,pagar carne,2022-07-05,1
427,pagar carne,2022-07-05,
428,pagar cartão,2022-07-05,16
429,pagar cartão,2022-07-05,
423,pagar,2022-07-05,
337,cartão casas,2022-07-06,
338,cartão sem anuidade,2022-07-06,13
339,cartão sem anuidade,2022-07-06,
340,cartão virtual,2022-07-06,9
341,cartão virtual,2022-07-06,
348,conta grátis,2022-07-06,178
343,casas bahia,2022-07-06,
344,cashback,2022-07-06,24
345,cashback,2022-07-06,
346,conta digital,2022-07-06,36
347,conta digital,2022-07-06,
336,cartão casas,2022-07-06,32
342,casas bahia,2022-07-06,5
335,carne bahia,2022-07-06,
327,boleto,2022-07-06,
333,carne,2022-07-06,
332,carne,2022-07-06,3
331,boleto recarga,2022-07-06,
330,boleto recarga,2022-07-06,6
329,boleto carne,2022-07-06,
328,boleto carne,2022-07-06,2
326,boleto,2022-07-06,22
325,banqi,2022-07-06,
324,banqi,2022-07-06,1
323,bank,2022-07-06,
322,bank,2022-07-06,1
321,banco digital,2022-07-06,
320,banco digital,2022-07-06,28
349,conta grátis,2022-07-06,
334,carne bahia,2022-07-06,1
350,conta sem anuidade,2022-07-06,13
351,conta sem anuidade,2022-07-06,
352,pagamento,2022-07-06,49
382,recarga virtual,2022-07-06,2
381,recarga cartão,2022-07-06,
380,recarga cartão,2022-07-06,16
379,recarga boleto,2022-07-06,
378,recarga boleto,2022-07-06,6
377,recarga bilhete,2022-07-06,
376,recarga bilhete,2022-07-06,37
375,recarga,2022-07-06,
373,pre pago,2022-07-06,
372,pre pago,2022-07-06,18
371,pagar recarga,2022-07-06,
370,pagar recarga,2022-07-06,5
369,pagar digital,2022-07-06,
368,pagar digital,2022-07-06,16
374,recarga,2022-07-06,21
366,pagar contas,2022-07-06,42
367,pagar contas,2022-07-06,
354,pagamento boleto,2022-07-06,34
355,pagamento boleto,2022-07-06,
356,pagamento carne,2022-07-06,1
357,pagamento carne,2022-07-06,
358,pagar,2022-07-06,35
359,pagar,2022-07-06,
353,pagamento,2022-07-06,
383,recarga virtual,2022-07-06,
361,pagar boleto,2022-07-06,
362,pagar carne,2022-07-06,1
363,pagar carne,2022-07-06,
364,pagar cartão,2022-07-06,16
365,pagar cartão,2022-07-06,
360,pagar boleto,2022-07-06,11
273,cartão casas,2022-07-07,
274,cartão sem anuidade,2022-07-07,13
275,cartão sem anuidade,2022-07-07,
276,cartão virtual,2022-07-07,9
277,cartão virtual,2022-07-07,
278,casas bahia,2022-07-07,5
272,cartão casas,2022-07-07,31
280,cashback,2022-07-07,25
282,conta digital,2022-07-07,32
283,conta digital,2022-07-07,
284,conta grátis,2022-07-07,173
285,conta grátis,2022-07-07,
279,casas bahia,2022-07-07,
281,cashback,2022-07-07,
256,banco digital,2022-07-07,32
269,carne,2022-07-07,
268,carne,2022-07-07,2
267,boleto recarga,2022-07-07,
266,boleto recarga,2022-07-07,6
265,boleto carne,2022-07-07,
264,boleto carne,2022-07-07,2
263,boleto,2022-07-07,
262,boleto,2022-07-07,22
261,banqi,2022-07-07,
260,banqi,2022-07-07,1
259,bank,2022-07-07,
258,bank,2022-07-07,1
257,banco digital,2022-07-07,
286,conta sem anuidade,2022-07-07,13
270,carne bahia,2022-07-07,1
287,conta sem anuidade,2022-07-07,
271,carne bahia,2022-07-07,
289,pagamento,2022-07-07,
319,recarga virtual,2022-07-07,
318,recarga virtual,2022-07-07,2
317,recarga cartão,2022-07-07,
316,recarga cartão,2022-07-07,16
315,recarga boleto,2022-07-07,
314,recarga boleto,2022-07-07,6
313,recarga bilhete,2022-07-07,
312,recarga bilhete,2022-07-07,36
311,recarga,2022-07-07,
310,recarga,2022-07-07,21
309,pre pago,2022-07-07,
308,pre pago,2022-07-07,18
307,pagar recarga,2022-07-07,
306,pagar recarga,2022-07-07,5
305,pagar digital,2022-07-07,
288,pagamento,2022-07-07,49
303,pagar contas,2022-07-07,
290,pagamento boleto,2022-07-07,34
291,pagamento boleto,2022-07-07,
292,pagamento carne,2022-07-07,1
293,pagamento carne,2022-07-07,
304,pagar digital,2022-07-07,16
295,pagar,2022-07-07,
294,pagar,2022-07-07,37
297,pagar boleto,2022-07-07,
298,pagar carne,2022-07-07,1
299,pagar carne,2022-07-07,
300,pagar cartão,2022-07-07,16
301,pagar cartão,2022-07-07,
302,pagar contas,2022-07-07,42
296,pagar boleto,2022-07-07,12
209,cartão casas,2022-07-08,
210,cartão sem anuidade,2022-07-08,13
211,cartão sem anuidade,2022-07-08,
212,cartão virtual,2022-07-08,9
213,cartão virtual,2022-07-08,
220,conta grátis,2022-07-08,174
215,casas bahia,2022-07-08,
216,cashback,2022-07-08,28
217,cashback,2022-07-08,
218,conta digital,2022-07-08,31
219,conta digital,2022-07-08,
208,cartão casas,2022-07-08,31
214,casas bahia,2022-07-08,5
207,carne bahia,2022-07-08,
199,boleto,2022-07-08,
205,carne,2022-07-08,
204,carne,2022-07-08,3
203,boleto recarga,2022-07-08,
202,boleto recarga,2022-07-08,5
201,boleto carne,2022-07-08,
200,boleto carne,2022-07-08,2
198,boleto,2022-07-08,22
197,banqi,2022-07-08,
196,banqi,2022-07-08,1
195,bank,2022-07-08,
194,bank,2022-07-08,1
193,banco digital,2022-07-08,
192,banco digital,2022-07-08,35
221,conta grátis,2022-07-08,
206,carne bahia,2022-07-08,1
222,conta sem anuidade,2022-07-08,13
223,conta sem anuidade,2022-07-08,
224,pagamento,2022-07-08,49
254,recarga virtual,2022-07-08,2
253,recarga cartão,2022-07-08,
252,recarga cartão,2022-07-08,15
251,recarga boleto,2022-07-08,
250,recarga boleto,2022-07-08,5
249,recarga bilhete,2022-07-08,
248,recarga bilhete,2022-07-08,37
247,recarga,2022-07-08,
245,pre pago,2022-07-08,
244,pre pago,2022-07-08,17
243,pagar recarga,2022-07-08,
242,pagar recarga,2022-07-08,5
241,pagar digital,2022-07-08,
240,pagar digital,2022-07-08,16
246,recarga,2022-07-08,21
238,pagar contas,2022-07-08,42
239,pagar contas,2022-07-08,
226,pagamento boleto,2022-07-08,32
227,pagamento boleto,2022-07-08,
228,pagamento carne,2022-07-08,1
229,pagamento carne,2022-07-08,
230,pagar,2022-07-08,35
231,pagar,2022-07-08,
225,pagamento,2022-07-08,
255,recarga virtual,2022-07-08,
233,pagar boleto,2022-07-08,
234,pagar carne,2022-07-08,1
235,pagar carne,2022-07-08,
236,pagar cartão,2022-07-08,16
237,pagar cartão,2022-07-08,
232,pagar boleto,2022-07-08,12
145,cartão casas,2022-07-09,
146,cartão sem anuidade,2022-07-09,13
147,cartão sem anuidade,2022-07-09,
148,cartão virtual,2022-07-09,9
149,cartão virtual,2022-07-09,
150,casas bahia,2022-07-09,5
144,cartão casas,2022-07-09,32
152,cashback,2022-07-09,27
154,conta digital,2022-07-09,34
155,conta digital,2022-07-09,
156,conta grátis,2022-07-09,172
157,conta grátis,2022-07-09,
151,casas bahia,2022-07-09,
153,cashback,2022-07-09,
128,banco digital,2022-07-09,37
141,carne,2022-07-09,
140,carne,2022-07-09,3
139,boleto recarga,2022-07-09,
138,boleto recarga,2022-07-09,5
137,boleto carne,2022-07-09,
136,boleto carne,2022-07-09,2
135,boleto,2022-07-09,
134,boleto,2022-07-09,24
133,banqi,2022-07-09,
132,banqi,2022-07-09,1
131,bank,2022-07-09,
130,bank,2022-07-09,1
129,banco digital,2022-07-09,
158,conta sem anuidade,2022-07-09,13
142,carne bahia,2022-07-09,1
159,conta sem anuidade,2022-07-09,
143,carne bahia,2022-07-09,
161,pagamento,2022-07-09,
191,recarga virtual,2022-07-09,
190,recarga virtual,2022-07-09,2
189,recarga cartão,2022-07-09,
188,recarga cartão,2022-07-09,15
187,recarga boleto,2022-07-09,
186,recarga boleto,2022-07-09,5
185,recarga bilhete,2022-07-09,
184,recarga bilhete,2022-07-09,38
182,recarga,2022-07-09,21
181,pre pago,2022-07-09,
180,pre pago,2022-07-09,17
179,pagar recarga,2022-07-09,
178,pagar recarga,2022-07-09,5
177,pagar digital,2022-07-09,
183,recarga,2022-07-09,
175,pagar contas,2022-07-09,
176,pagar digital,2022-07-09,17
163,pagamento boleto,2022-07-09,
164,pagamento carne,2022-07-09,1
165,pagamento carne,2022-07-09,
166,pagar,2022-07-09,35
167,pagar,2022-07-09,
168,pagar boleto,2022-07-09,9
162,pagamento boleto,2022-07-09,32
160,pagamento,2022-07-09,49
170,pagar carne,2022-07-09,1
171,pagar carne,2022-07-09,
172,pagar cartão,2022-07-09,17
173,pagar cartão,2022-07-09,
174,pagar contas,2022-07-09,42
169,pagar boleto,2022-07-09,
81,cartão casas,2022-07-10,
82,cartão sem anuidade,2022-07-10,14
83,cartão sem anuidade,2022-07-10,
84,cartão virtual,2022-07-10,9
85,cartão virtual,2022-07-10,
86,casas bahia,2022-07-10,5
80,cartão casas,2022-07-10,33
88,cashback,2022-07-10,26
90,conta digital,2022-07-10,37
91,conta digital,2022-07-10,
92,conta grátis,2022-07-10,162
93,conta grátis,2022-07-10,
87,casas bahia,2022-07-10,
89,cashback,2022-07-10,
64,banco digital,2022-07-10,35
77,carne,2022-07-10,
76,carne,2022-07-10,4
75,boleto recarga,2022-07-10,
74,boleto recarga,2022-07-10,5
73,boleto carne,2022-07-10,
72,boleto carne,2022-07-10,2
71,boleto,2022-07-10,
70,boleto,2022-07-10,23
69,banqi,2022-07-10,
68,banqi,2022-07-10,1
67,bank,2022-07-10,
66,bank,2022-07-10,1
65,banco digital,2022-07-10,
94,conta sem anuidade,2022-07-10,13
78,carne bahia,2022-07-10,1
95,conta sem anuidade,2022-07-10,
79,carne bahia,2022-07-10,
97,pagamento,2022-07-10,
127,recarga virtual,2022-07-10,
126,recarga virtual,2022-07-10,2
125,recarga cartão,2022-07-10,
124,recarga cartão,2022-07-10,15
123,recarga boleto,2022-07-10,
122,recarga boleto,2022-07-10,5
121,recarga bilhete,2022-07-10,
120,recarga bilhete,2022-07-10,35
96,pagamento,2022-07-10,49
118,recarga,2022-07-10,22
117,pre pago,2022-07-10,
116,pre pago,2022-07-10,17
115,pagar recarga,2022-07-10,
114,pagar recarga,2022-07-10,5
113,pagar digital,2022-07-10,
119,recarga,2022-07-10,
111,pagar contas,2022-07-10,
112,pagar digital,2022-07-10,17
98,pagamento boleto,2022-07-10,32
99,pagamento boleto,2022-07-10,
100,pagamento carne,2022-07-10,1
102,pagar,2022-07-10,35
103,pagar,2022-07-10,
101,pagamento carne,2022-07-10,
105,pagar boleto,2022-07-10,
106,pagar carne,2022-07-10,1
107,pagar carne,2022-07-10,
108,pagar cartão,2022-07-10,17
109,pagar cartão,2022-07-10,
110,pagar contas,2022-07-10,42
104,pagar boleto,2022-07-10,9
21,cartão virtual,2022-07-11,
17,cartão casas,2022-07-11,
18,cartão sem anuidade,2022-07-11,14
19,cartão sem anuidade,2022-07-11,
20,cartão virtual,2022-07-11,9
22,casas bahia,2022-07-11,5
29,conta grátis,2022-07-11,
24,cashback,2022-07-11,26
25,cashback,2022-07-11,
26,conta digital,2022-07-11,36
27,conta digital,2022-07-11,
28,conta grátis,2022-07-11,174
23,casas bahia,2022-07-11,
16,cartão casas,2022-07-11,35
1,banco digital,2022-07-11,
14,carne bahia,2022-07-11,1
13,carne,2022-07-11,
12,carne,2022-07-11,4
11,boleto recarga,2022-07-11,
10,boleto recarga,2022-07-11,5
9,boleto carne,2022-07-11,
8,boleto carne,2022-07-11,2
7,boleto,2022-07-11,
6,boleto,2022-07-11,23
5,banqi,2022-07-11,
4,banqi,2022-07-11,1
3,bank,2022-07-11,
2,bank,2022-07-11,1
30,conta sem anuidade,2022-07-11,13
15,carne bahia,2022-07-11,
31,conta sem anuidade,2022-07-11,
47,pagar contas,2022-07-11,
33,pagamento,2022-07-11,
63,recarga virtual,2022-07-11,
62,recarga virtual,2022-07-11,2
61,recarga cartão,2022-07-11,
60,recarga cartão,2022-07-11,15
59,recarga boleto,2022-07-11,
58,recarga boleto,2022-07-11,5
57,recarga bilhete,2022-07-11,
56,recarga bilhete,2022-07-11,38
55,recarga,2022-07-11,
54,recarga,2022-07-11,25
53,pre pago,2022-07-11,
52,pre pago,2022-07-11,17
51,pagar recarga,2022-07-11,
50,pagar recarga,2022-07-11,5
49,pagar digital,2022-07-11,
48,pagar digital,2022-07-11,17
46,pagar contas,2022-07-11,42
45,pagar cartão,2022-07-11,
44,pagar cartão,2022-07-11,16
43,pagar carne,2022-07-11,
42,pagar carne,2022-07-11,1
41,pagar boleto,2022-07-11,
40,pagar boleto,2022-07-11,9
39,pagar,2022-07-11,
38,pagar,2022-07-11,35
37,pagamento carne,2022-07-11,
36,pagamento carne,2022-07-11,1
35,pagamento boleto,2022-07-11,
34,pagamento boleto,2022-07-11,32
32,pagamento,2022-07-11,49
0,banco digital,2022-07-11,31
